link,name
https://item.jd.com/27272869967.html,阿贝乌干达Ardbeg雅伯阿德贝哥单一麦芽威士忌苏格兰进口洋酒
https://item.jd.com/27188557724.html,阿贝漩涡Ardbeg雅柏阿德贝哥艾雷岛单一麦芽威士忌苏格兰进口洋酒
https://item.jd.com/25532402676.html,京东国际--【侠风中国】阿德贝哥 阿贝 雅伯 雅柏（Ardbeg）单一麦芽威士忌 艾莱岛 原瓶进口洋酒 阿德贝哥10年（十年）
https://item.jd.com/37849069339.html,阿德贝哥苏格兰单一纯麦芽威士忌ARDBEG 原装进口洋酒 漩涡 750ml
https://item.jd.com/11050331012.html,京东国际--【侠风中国】阿德贝哥 阿贝 雅伯 雅柏（Ardbeg）单一麦芽威士忌 艾莱岛 原瓶进口洋酒 阿德贝哥乌加达尔（乌干达）
https://item.jd.com/11050331014.html,京东国际--【侠风中国】阿德贝哥 阿贝 雅伯 雅柏（Ardbeg）单一麦芽威士忌 艾莱岛 原瓶进口洋酒 阿德贝哥漩涡（旋涡）
https://item.jd.com/27188393220.html,阿贝10年Ardbeg阿贝雅伯阿德贝哥艾雷岛单一麦芽威士忌苏格兰进口洋酒
https://item.jd.com/21564126702.html,京东国际--【侠风中国】阿德贝哥 阿贝 雅伯 雅柏（Ardbeg）单一麦芽威士忌 艾莱岛 原瓶进口洋酒 阿德贝哥奥之岬（An Oa）
https://item.jd.com/53358532543.html,阿德贝哥 阿贝/雅伯/雅柏 Ardbeg 单一麦芽苏格兰威士忌 原瓶进口洋酒 蒸馏酒 阿德贝哥奥之岬
https://item.jd.com/30423012551.html,洋酒 ARDBEG/雅柏 阿贝 阿德贝哥 雅伯 泥煤味 单一麦芽 苏格兰威士忌 雅柏/阿德贝哥 10年
https://item.jd.com/10020231337151.html,Ardbeg苏格兰进口阿贝雅柏阿德贝哥10年单一麦芽威士忌洋酒
https://item.jd.com/55664897337.html,洋酒 ARDBEG/雅柏 阿贝 阿德贝哥 雅伯 泥煤味 单一麦芽 苏格兰威士忌 阿德贝哥奥之岬
https://item.jd.com/61991020282.html,阿贝Ardbeg雅伯鼓Drum阿德贝哥单一麦芽威士忌苏格兰进口洋酒
https://item.jd.com/35898361354.html,阿德贝哥 阿贝/雅伯/雅柏 Ardbeg 单一麦芽苏格兰威士忌 原瓶进口洋酒 蒸馏酒 阿德贝哥10年
https://item.jd.com/10020231353529.html,WHISKY L Ardbeg阿贝雅柏雅伯10年单一麦芽威士忌苏格兰进口洋酒
https://item.jd.com/30423012553.html,洋酒 ARDBEG/雅柏 阿贝 阿德贝哥 雅伯 泥煤味 单一麦芽 苏格兰威士忌 阿德贝哥旋涡
https://item.jd.com/30423012552.html,洋酒 ARDBEG/雅柏 阿贝 阿德贝哥 雅伯 泥煤味 单一麦芽 苏格兰威士忌 阿德贝哥乌干达
https://item.jd.com/10021673084017.html,WHISKY L Ardbeg阿贝雅柏雅伯10年单一麦芽威士忌苏格兰进口洋酒
https://item.jd.com/10021671061547.html,Ardbeg苏格兰进口阿贝雅柏阿德贝哥10年单一麦芽威士忌洋酒
https://item.jd.com/36179686777.html,阿德贝哥 阿贝/雅伯/雅柏 Ardbeg 单一麦芽苏格兰威士忌 原瓶进口洋酒 蒸馏酒 阿德贝哥旋涡
https://item.jd.com/32195865841.html,【奢蕾汇】阿德贝哥 阿贝雅伯雅柏 Ardbeg艾雷岛单一麦芽威士忌原瓶进口洋酒10年漩涡奥之岬 阿德贝哥奥之岬
https://item.jd.com/35906202473.html,阿德贝哥 阿贝/雅伯/雅柏 Ardbeg 单一麦芽苏格兰威士忌 原瓶进口洋酒 蒸馏酒 阿德贝哥乌干达
https://item.jd.com/32195865844.html,【奢蕾汇】阿德贝哥 阿贝雅伯雅柏 Ardbeg艾雷岛单一麦芽威士忌原瓶进口洋酒10年漩涡奥之岬 阿德贝哥漩涡 旋涡
https://item.jd.com/32195865845.html,【奢蕾汇】阿德贝哥 阿贝雅伯雅柏 Ardbeg艾雷岛单一麦芽威士忌原瓶进口洋酒10年漩涡奥之岬 阿德贝哥乌干达乌加达尔
https://item.jd.com/48892479282.html,阿德贝哥 阿贝 雅伯 雅柏（Ardbeg）单一麦芽威士忌 艾雷岛 原瓶进口洋酒 阿德贝哥10年
https://item.jd.com/48892479286.html,阿德贝哥 阿贝 雅伯 雅柏（Ardbeg）单一麦芽威士忌 艾雷岛 原瓶进口洋酒 阿德贝哥乌干达
https://item.jd.com/48892479283.html,阿德贝哥 阿贝 雅伯 雅柏（Ardbeg）单一麦芽威士忌 艾雷岛 原瓶进口洋酒 阿德贝哥奥之岬
https://item.jd.com/10021777098776.html,阿德贝哥 阿贝 雅伯 雅柏（Ardbeg）单一麦芽威士忌 艾雷岛 原瓶进口洋酒 雅柏艾雷 阿德贝哥5年小怪兽 700ml
https://item.jd.com/64550948847.html,阿德贝哥 阿贝 雅伯 雅柏（Ardbeg）单一麦芽威士忌 艾雷岛 原瓶进口洋酒 阿德贝哥雅伯鸣沙19年稀少单麦威士忌700ml
https://item.jd.com/34132054128.html,阿德贝哥 （ARDBEG）单一麦芽威士忌 阿德贝哥乌干达
https://item.jd.com/13669405917.html,京东国际--【侠风中国】格兰多纳（Glendronach）单一麦芽威士忌 原瓶进口洋酒 雪莉桶 非冷凝过滤 12年
https://item.jd.com/11903542854.html,GLENDRONACH 格兰多纳 苏格兰单一麦芽威士忌 进口洋酒威士忌 洋酒原装 18年
https://item.jd.com/61324498193.html,京东国际--倾酌 格兰多纳 12年 单一麦芽威士忌 苏格兰进口 洋酒 700ml
https://item.jd.com/11903542853.html,GLENDRONACH 格兰多纳 苏格兰单一麦芽威士忌 进口洋酒威士忌 洋酒原装 12年
https://item.jd.com/37626757049.html,格兰多纳 Glendronach 苏格兰单一麦芽威士忌 原瓶进口洋酒原装 18年
https://item.jd.com/43118739346.html,格兰多纳高地单一麦芽苏格兰威士忌 GLENDRONACH 雪莉桶洋酒 12年
https://item.jd.com/43118739345.html,格兰多纳高地单一麦芽苏格兰威士忌 GLENDRONACH 雪莉桶洋酒 8年
https://item.jd.com/28383011756.html,「全球直采」格兰多纳（Glendronach）单一麦芽苏格兰威士忌原装进口12/15/18/21 12年原创
https://item.jd.com/16705867614.html,GLENDRONACH 格兰多纳 苏格兰单一麦芽威士忌 进口洋酒威士忌 洋酒原装 8年
https://item.jd.com/10022727436951.html,格兰多纳 Glendronach 苏格兰单一麦芽威士忌 原瓶进口洋酒原装 格兰多纳1994年
https://item.jd.com/41386179629.html,格兰多纳 Glendronach 苏格兰单一麦芽威士忌 原瓶进口洋酒原装 雪莉加强桶第七版威士忌
https://item.jd.com/70732508804.html,苏格兰威士忌 GLENDRONACH/格兰多纳威士忌 12年 单一麦芽威士忌
https://item.jd.com/70732508807.html,苏格兰威士忌 GLENDRONACH/格兰多纳威士忌 雪莉加强桶第七版威士忌
https://item.jd.com/13676546300.html,京东国际--酒牧旗舰店 格兰多纳（Glendronach）单一麦芽威士忌 原装进口洋酒 雪莉桶 非冷凝过滤 12年原创
https://item.jd.com/37626757047.html,格兰多纳 Glendronach 苏格兰单一麦芽威士忌 原瓶进口洋酒原装 12年
https://item.jd.com/41390092576.html,GLENDRONACH 格兰多纳 苏格兰单一麦芽威士忌 进口洋酒威士忌 洋酒原装 格兰多纳泥煤波特桶
https://item.jd.com/10022721911953.html,GLENDRONACH 格兰多纳 苏格兰单一麦芽威士忌 进口洋酒威士忌 洋酒原装 格兰多纳1993
https://item.jd.com/10022721911955.html,GLENDRONACH 格兰多纳 苏格兰单一麦芽威士忌 进口洋酒威士忌 洋酒原装 格兰多纳1995
https://item.jd.com/33012350406.html,【奢蕾汇】格兰多纳 Glendronach 单一麦芽威士忌原瓶进口洋酒 12 15 18 21 格兰多纳12年
https://item.jd.com/10022727436952.html,格兰多纳 Glendronach 苏格兰单一麦芽威士忌 原瓶进口洋酒原装 格兰多纳1995年
https://item.jd.com/10022721911954.html,GLENDRONACH 格兰多纳 苏格兰单一麦芽威士忌 进口洋酒威士忌 洋酒原装 格兰多纳1994
https://item.jd.com/10022727436950.html,格兰多纳 Glendronach 苏格兰单一麦芽威士忌 原瓶进口洋酒原装 格兰多纳1993年
https://item.jd.com/41387002087.html,GLENDRONACH 格兰多纳 苏格兰单一麦芽威士忌 进口洋酒威士忌 洋酒原装 雪莉加强桶第七版
https://item.jd.com/41390199529.html,格兰多纳 Glendronach 苏格兰单一麦芽威士忌 原瓶进口洋酒原装 格兰多纳泥煤波特桶
https://item.jd.com/70732508808.html,苏格兰威士忌 GLENDRONACH/格兰多纳威士忌 格兰多纳泥煤波特桶
https://item.jd.com/70732508806.html,苏格兰威士忌 GLENDRONACH/格兰多纳威士忌 8年高地单一麦芽苏格兰威士忌
